{"cameraMode":{"drawMode":0,"name":"Shaded","section":"Shading Mode"},"sceneLighting":false,"audioPlay":false,"sceneViewState":{"showFog":false,"showMaterialUpdate":false,"showSkybox":false,"showFlares":false,"showImageEffects":false,"showParticleSystems":false},"in2DMode":false,"pivot":{"x":-2.608981132507324,"y":0.31196582317352297,"z":0.22738122940063477},"rotation":{"x":0.012260641902685166,"y":0.6518356204032898,"z":0.010573465377092362,"w":-0.7582178711891174},"size":3.6599884033203127,"orthographic":false}