{"cameraMode":{"drawMode":0,"name":"Shaded","section":"Shading Mode"},"sceneLighting":false,"audioPlay":false,"sceneViewState":{"showFog":false,"showMaterialUpdate":false,"showSkybox":false,"showFlares":false,"showImageEffects":false,"showParticleSystems":false},"in2DMode":false,"pivot":{"x":1.6547739505767823,"y":0.1423090547323227,"z":0.05042731761932373},"rotation":{"x":-0.1112627387046814,"y":-0.8009783625602722,"z":0.15721018612384797,"w":-0.5668734312057495},"size":0.8161735534667969,"orthographic":false}