{"cameraMode":{"drawMode":0,"name":"Shaded","section":"Shading Mode"},"sceneLighting":false,"audioPlay":false,"sceneViewState":{"showFog":false,"showMaterialUpdate":false,"showSkybox":false,"showFlares":false,"showImageEffects":false,"showParticleSystems":false},"in2DMode":false,"pivot":{"x":71.4331283569336,"y":13.107019424438477,"z":8.129962921142579},"rotation":{"x":-0.0210614912211895,"y":-0.15178145468235017,"z":0.003233935683965683,"w":-0.9881951808929443},"size":0.9599887728691101,"orthographic":false}